direction,continuous_down_in,maturity_bucket,di_position_bucket,worst_performance,performance_1,initial_fixing_1,performance_2,initial_fixing_2,performance_3,initial_fixing_3,months_to_expiry,years_to_expiry,down_in_barrier,autocall_bucket,autocall_barrier,di_relative_gap,di_log_distance,autocall_log_distance
down,True,1,0,0.9264521495687952,0.9541076120484918,1.048099802760169,1.0480992899372612,0.9541080788823544,0.9264521495687952,1.0793865613733389,4.293889735464132,0.357824144622011,0.6207932161098356,3,1.031618332657718,0.3299241451393085,0.4003643567956095,-0.10752164699373516
up,True,2,2,1.4971613462324327,1.632188383229148,0.6126743764844005,1.5990629383311596,0.6253662542161327,1.4971613462324327,0.6679306826324857,10.767288238903468,0.8972740199086223,0.8095814792989187,1,0.9752658345781454,0.45925568988525567,0.6148087364146942,0.4286160736414571
up,True,0,1,1.9443365646800095,1.9652145812463409,0.5088502851255048,1.958064914940471,0.5107082979577324,1.9443365646800095,0.5143142489657266,2.943057197897506,0.24525476649145883,0.7542474925970175,0,0.9225122968802018,0.6120797673106825,0.9469555463468062,0.7455753942372703
down,True,2,3,0.5267302917621155,0.5628013364886865,1.7768259155868267,0.5267302917621155,1.8985048242709095,0.6176343054627761,1.6190810503162192,10.17485433764872,0.8479045281373933,0.521520119367538,1,0.9515372389966795,0.009891537426388595,0.009940783699394891,-0.5913901859191769
up,False,3,3,1.0956747560189781,1.4052302296683945,0.7116271617896944,1.0956747560189781,0.9126796017765322,1.1025469902550034,0.9069908211066037,14.5970080448726,1.2164173370727167,0.8794684751173277,2,1.0062188271491663,0.19732706235490333,0.2198079485712857,0.0851708189879456
up,False,3,3,1.8723090082065184,1.8803819302524272,0.5318068547200714,1.887861764492115,0.5296998004877898,1.8723090082065184,0.5340998711307267,12.001567209048495,1.0001306007540414,0.8701188325963203,1,0.9615877425060049,0.535269643641887,0.766297920389274,0.6663418951798704
down,False,3,0,0.6038840683780479,0.6038840683780479,1.6559469811579344,0.6632201236028482,1.5077950207054083,0.6229541058580257,1.6052546898661986,17.928184100307334,1.494015341692278,0.4628030080164002,0,0.9097104519092399,0.2336227560044308,0.26608074483889166,-0.4097441244237022
down,True,2,2,0.9455404918035444,1.0050984541593757,0.9949274082172976,0.9455404918035444,1.057596167132492,1.0168094708577653,0.9834684163163969,7.178113829528527,0.5981761524607107,0.8231425656882655,4,1.0664230672657562,0.1294475775244849,0.13862730047796146,-0.120308686608228
up,False,4,0,1.4943735531912052,1.640287172957626,0.6096493446308461,1.4943735531912052,0.669176724831967,1.79585450127717,0.5568379839729907,31.58299934127193,2.631916611772661,0.6493298050712661,0,0.9190556792488439,0.5654836077066305,0.8335216081911601,0.48611566274405504
down,True,3,1,0.8084368682417559,0.9024718538566914,1.1080677981551719,0.8084368682417559,1.2369549673988383,0.9386657428376993,1.0653419575927847,16.55364197371768,1.3794701644764735,0.682789540420585,4,1.0879999965014775,0.1554200862887875,0.16891591877881001,-0.2969938332761788
down,True,1,1,0.6722764282423722,0.7101776646996965,1.4080983529985514,0.6722764282423722,1.487483359507996,0.7184987294539051,1.3917909093034164,4.870608976948455,0.40588408141237126,0.5633264322002629,1,0.978223673364095,0.16206130613109962,0.17681033885055042,-0.37506874126466416
down,False,0,3,0.5729288636859361,0.63330705704427,1.5790128798929475,0.5729288636859361,1.7454173866656029,0.6253109150858748,1.5992044531361949,2.3518505045294456,0.19598754204412047,0.5599589170252319,3,1.0582312138163412,0.022637970405718532,0.02289814327978633,-0.6135925652580587
down,True,2,4,0.929229801206522,0.929229801206522,1.076160061484887,0.9846154965267587,1.0156248845640865,0.9986981591114977,1.0013035378874238,8.920216656274825,0.743351388022902,0.8889683440281773,1,0.9608504355991095,0.04332777223251861,0.044294445916108066,-0.03346269044722583
down,False,3,4,0.8199273312507219,0.92248740288982,1.0840256429164896,0.8426896999084681,1.1866764244402404,0.8199273312507219,1.2196202783905181,19.854319483693732,1.6545266236411444,0.8097138982064573,4,1.0873865991015346,0.01245651005276889,0.012534742723720155,-0.2823167649320753
up,False,3,1,1.7950798090321314,1.8260288125277215,0.5476364847801758,1.86439000566522,0.5363684620499759,1.7950798090321314,0.5570782953317148,14.709093020205461,1.2257577516837885,0.7522130971777421,4,1.0780443981808026,0.5809584100980338,0.8697851040767111,0.5099008254730086
up,False,0,4,1.533667465883524,1.533667465883524,0.6520318271366043,1.7010070661514167,0.5878870346273941,1.6620275187333486,0.601674754917483,2.7633312682106785,0.2302776056842232,0.8988615670646332,0,0.9197377110046254,0.41391365008397585,0.5342881454552754,0.5113286499411391
up,True,1,4,1.634542817551399,1.689498816485177,0.5918915066660976,1.634542817551399,0.6117918657512039,1.6585482374479654,0.6029369405249955,3.5031108007160996,0.29192590005967495,0.8974130400285987,1,0.9623158455734558,0.4509700018914438,0.599602197601901,0.5297757033552017
down,True,4,2,0.9964154445876426,1.0274379075604534,0.9732948265208533,0.9964154445876426,1.0035974506736403,1.0361710168518967,0.9650916535363131,32.659925050773666,2.7216604208978055,0.8336094130158156,2,1.0176671981882612,0.1633917182397778,0.1783993207160535,-0.02110394270408658
up,True,2,0,1.9289874072440116,1.9289874072440116,0.5184067020057549,1.9330674041566762,0.5173125354292868,1.9411365051677203,0.5151621214364813,6.482130901704356,0.5401775751420297,0.6602097938935398,4,1.082503605101901,0.6577428181157509,1.0721928307116162,0.5777186945386606
down,True,3,0,0.7164759853314495,0.7164759853314495,1.3957201922649078,0.7563230842702743,1.3221862730328182,0.8343833949125847,1.1984898142714913,13.197320937187166,1.0997767447655973,0.5124843709423145,1,0.9575420081420463,0.2847152152556325,0.3350745152468816,-0.2900248627535008
down,True,1,3,0.529604569965335,0.593266966312212,1.6855817983867674,0.529604569965335,1.8882012292028645,0.5707036824235894,1.7522227923137477,3.7098731931248836,0.3091560994270736,0.524649173463638,2,1.0021310944291992,0.009356785765691778,0.009400835476757803,-0.6377534721764307
up,True,3,4,1.813895441822044,1.8514757624338527,0.5401096899510327,1.9330686878770929,0.517312191890194,1.813895441822044,0.5512996928839006,16.150688624264518,1.34589071868871,0.8952139190523791,4,1.080361006192388,0.5064688413610304,0.7061692840288383,0.518181460187853
down,False,4,1,0.788042454157433,0.788042454157433,1.2689671663301312,0.821068373807516,1.217925366389074,0.8431909779790235,1.1859709438504897,30.574820890658234,2.5479017408881863,0.6334659467159973,2,1.0152939582088747,0.19615251262916708,0.2183457201218699,-0.25338149930380593
up,True,3,3,1.1778564027341285,1.2185205208744634,0.8206673444304052,1.1778564027341285,0.8489999270528437,1.2179776818829549,0.8210331066608969,14.150567137932873,1.1792139281610727,0.8605440679967866,3,1.0410689748053035,0.2693981490449708,0.31388663115163584,0.1234481329358571
down,True,2,1,0.6503003191832606,0.6723163989826654,1.4873949252363594,0.6503003191832606,1.537751052092273,0.7106889290356114,1.4070853775040186,9.276873788103895,0.7730728156753246,0.568108301983157,1,0.9713440049697903,0.12639086092304552,0.1351222126486037,-0.40124639891230074
up,False,2,3,1.5131060546543806,1.5436310961994264,0.6478231764455249,1.6850969092040164,0.5934376797785278,1.5131060546543806,0.6608922070756086,9.23358136127807,0.7694651134398391,0.8616782631898892,3,1.044707454738045,0.4305235508513571,0.5630378505081157,0.3704276293522615
up,False,3,2,1.2692929943370255,1.4708636010594813,0.679872694707849,1.3065290936642426,0.7653867065412507,1.2692929943370255,0.7878401633519753,16.829302973061864,1.402441914421822,0.8396914784535376,2,1.0149258524850995,0.3384573284499033,0.4131807902512482,0.22364448999803954
down,False,0,2,0.5775216676394209,0.5851575010398784,1.7089416067006038,0.5775216676394209,1.7315367648237847,0.6387791719376612,1.5654862336331632,2.710436916497996,0.22586974304149965,0.5456717786654388,0,0.9397005587738257,0.05514925371400572,0.05672830440039992,-0.4868153086048157
down,False,0,0,0.5090256948713671,0.5090256948713671,1.9645373702651774,0.5921011552148727,1.6889006062437106,0.5712540199201185,1.7505347273351974,1.3446463387940062,0.11205386156616719,0.4586926152045948,1,0.9565771987038374,0.09888121596590843,0.104118194287465,-0.6308629988339723
down,False,0,4,0.8430595207557656,0.8430595207557656,1.1861558708257565,0.8958157353703963,1.1163009986496009,0.8991540007858626,1.1121565372850455,2.632755675281774,0.21939630627348117,0.834296681063959,4,1.070072159249178,0.010394093745541335,0.010448489596630132,-0.2384438023446054
down,False,3,3,0.6671015439172767,0.7547596090957132,1.3249251655081442,0.6671015439172767,1.4990221640440455,0.7127835565558004,1.4029504339747136,17.205751316812766,1.433812609734397,0.6491679270640598,3,1.0511788750421445,0.026882889144446004,0.027250843447361624,-0.45472527740347485
up,True,2,1,1.7838997089066972,1.850757567395556,0.5403192820155431,1.7838997089066972,0.5605696301239224,1.8969265593429216,0.5271685374822266,11.761689987185541,0.9801408322654618,0.6847300721404477,4,1.0774687359032566,0.6161611167255026,0.9575323892465443,0.5041872884252323
down,True,4,4,0.7593148168987073,0.8006318049822394,1.2490135837436327,0.8474274228250338,1.1800420579574133,0.7593148168987073,1.3169768029607674,34.789615745467756,2.8991346454556464,0.7505892092893808,4,1.07037059088595,0.011491422813220962,0.011557959437153568,-0.34334374419272035
up,False,1,1,1.6641566125970966,1.6977211455780163,0.589024883506139,1.6822650961734442,0.5944366332480208,1.6641566125970966,0.6009049823978957,4.214009481563354,0.3511674567969462,0.7446926486056025,0,0.9097322076806378,0.5525104770978081,0.8041021540503724,0.6039234561707948
down,True,3,2,0.7236484758385862,0.7236484758385862,1.3818864177681978,0.7970994810747931,1.2545485522730737,0.8295416211944323,1.205485022632294,23.25406378907693,1.9378386490897441,0.6713990277848632,3,1.0223121270100193,0.0722028026013248,0.07494210736459907,-0.34551638830152137
down,True,1,3,0.9183856255539337,0.9736149718538396,1.027100064100207,0.9183856255539337,1.0888672167498699,1.0302460060704777,0.970641957462334,4.261564342343421,0.35513036186195174,0.8809553144836324,2,0.990794973220372,0.040756638637200776,0.04161047053286798,-0.07589025032220617
down,False,0,4,0.6132043304106479,0.7101575820695348,1.408138172778229,0.6132043304106479,1.6307777854900738,0.6231629309774324,1.6047167607217874,2.100594314158085,0.1750495261798404,0.6096351224172696,0,0.9170362080977789,0.005820585107395004,0.005837590733461145,-0.40244874790156604
down,True,3,3,0.642446405519964,0.642446405519964,1.5565500739172944,0.6981650947324326,1.4323259749661987,0.7231439001452624,1.3828506329087804,12.99322617517814,1.0827688479315116,0.6318433168167825,3,1.026189386317268,0.016504238504688785,0.016641950775617982,-0.46832419799351227
down,False,2,0,0.6774582679361603,0.7795981843825598,1.2827120688999527,0.6774582679361603,1.4761056840393219,0.7814935466392621,1.2796010975399656,9.040929010334084,0.7534107508611737,0.4996735431674632,1,0.9638011764902629,0.26242904276644013,0.3043929821983078,-0.3525370711698489
down,True,0,2,0.6972324718979388,0.7012438670269571,1.4260374272357925,0.6972324718979388,1.434241863804617,0.714993352700905,1.3986144014101325,1.3753939099163919,0.11461615915969932,0.6642353582359266,4,1.0775912871774422,0.047325841798777156,0.04848234543919478,-0.43536465238180466
up,False,2,4,1.5558797644494209,1.6567106216201404,0.6036057154158123,1.847616172483866,0.5412379556386094,1.5558797644494209,0.6427231864885588,10.475152989704478,0.8729294158087065,0.8879680423933861,3,1.0549541830165452,0.4292823502929153,0.5608606754991045,0.3885438130011544
up,True,0,2,1.1132038561682402,1.2507624558909949,0.7995123256938813,1.1132038561682402,0.8983080632168313,1.1427102106048221,0.8751125094705442,1.792439854076205,0.14936998783968375,0.7940513930298759,0,0.9085594507447943,0.2866972310327052,0.337849307794429,0.2031371696353247
up,False,3,2,1.1444073498708807,1.2149698923645271,0.8230656630131294,1.1444073498708807,0.873814730491574,1.2421079788058165,0.8050829855882714,21.54390718249485,1.7953255985412373,0.8470309463475167,0,0.925248647299867,0.2598518818993218,0.30090495321766964,0.21257967434021674
down,False,2,4,0.5957363985671337,0.5974823463164606,1.6736896180533227,0.5957363985671337,1.6785947650759663,0.6361880948535483,1.5718621710929719,10.548485572507241,0.8790404643756035,0.5922654317164842,1,0.9681630693056635,0.005826346785252489,0.005843386160792366,-0.48560224816981745
up,False,3,0,1.0709368368287395,1.0709368368287395,0.9337618854919606,1.0894894505590194,0.9178611132828297,1.1699744524149596,0.8547195179654452,17.522534058565213,1.4602111715471011,0.49490565765246075,3,1.039749009688622,0.5378759599697994,0.7719219390221689,0.0295544666539393
up,False,0,3,1.3145652446256442,1.5373125065410196,0.6504858288377668,1.428846359886921,0.6998653095768393,1.3145652446256442,0.7607077732264064,2.8570869476052216,0.2380905789671018,0.856208320031163,4,1.0681472864874895,0.3486756754511717,0.4287475664397508,0.20758035878777653
up,False,2,1,1.090011564139188,1.251421679447833,0.7990911588180507,1.090011564139188,0.9174214594592189,1.124810088070562,0.8890389680940234,6.94910028920665,0.5790916907672209,0.7847245875091682,4,1.067855310877671,0.2800768236538053,0.32861077218400875,0.020536050832876906
down,True,2,2,0.7089415359483874,0.7747307320777482,1.2907710493400755,0.7248118579979257,1.379668377338912,0.7089415359483874,1.410553549612873,10.31339893863548,0.8594499115529567,0.6608051591084758,1,0.9640831378977754,0.06789893721704014,0.07031403371295072,-0.30740447026762074
down,True,0,0,0.8900878235845727,0.8900878235845727,1.123484642192708,0.9562463950707615,1.0457555763397162,0.998562967263938,1.0014391007709804,1.83116706823731,0.1525972556864425,0.49189270894160025,3,1.0457001132399062,0.44736609589754434,0.5930595145883226,-0.16112176885281754
up,False,0,1,1.297066046392589,1.297066046392589,0.7709707634250457,1.3570949405152586,0.7368681218576516,1.395960312331853,0.7163527438180322,1.0429419609636021,0.08691183008030018,0.727789245025235,2,1.009113048600014,0.43889577015035697,0.5778485977584494,0.2510330511351752
up,False,1,3,1.1079492473420378,1.1079492473420378,0.9025684185435323,1.1216941956999031,0.8915085803542295,1.2983166969764577,0.7702280979123332,5.97363588283945,0.49780299023662083,0.8747784307762533,3,1.048318368403592,0.2104526151582842,0.2362954282886162,0.05532345521832156
down,True,4,4,0.5525963806980067,0.6815526843552825,1.4672380036855903,0.577222572295148,1.7324339830020987,0.5525963806980067,1.809639069182574,31.925726649350793,2.660477220779233,0.5510852774144681,3,1.0516984147888973,0.002734551539461414,0.002738297255650139,-0.6435338113598779
down,False,0,3,0.7311114970352867,0.737088009764784,1.3566900922986325,0.7311114970352867,1.3677804330188719,0.8010519060590069,1.2483585550901095,2.011128515127562,0.16759404292729685,0.716142794075123,4,1.096134042498112,0.020473899016583457,0.020686394700489077,-0.4049787867362897
up,True,3,1,1.6847330625386954,1.6847330625386954,0.5935658427057383,1.791344539599079,0.5582399018693579,1.7520373493072239,0.5707640881031513,17.377999452603643,1.4481666210503035,0.704759099700198,2,1.0005664543249715,0.5816790710819145,0.8715063685126317,0.521040837445952
down,True,0,2,0.9026416234823011,1.0963678358606026,0.9121026422806741,0.9223047364809734,1.0842403388444806,0.9026416234823011,1.1078593917950514,2.345379337337045,0.1954482781114204,0.7876085541402785,2,0.9815641953744687,0.12744046623757116,0.13632439369475652,-0.0838218155296403
up,True,4,4,1.265152356451341,1.2867901607216687,0.7771274839707909,1.346946708784499,0.7424198696787433,1.265152356451341,0.790418636064455,34.2883679164006,2.8573639930333834,0.8982722471109312,0,0.9326561743753635,0.28998887562402476,0.3424746409343434,0.30491121707400204
up,False,1,2,1.1346867369318945,1.1346867369318945,0.8813005100455505,1.1482636794227248,0.8708801104836282,1.2472055296700246,0.8017924682105697,4.3693331630249395,0.36411109691874494,0.8290027761990214,0,0.9145652145694828,0.26939943050662507,0.3138883851340224,0.215663112106523
up,False,4,3,1.053477601486932,1.053477601486932,0.9492370778349241,1.0649444555655254,0.9390161099706956,1.214301061443326,0.8235190034433417,30.56285098986322,2.5469042491552685,0.8837535112109229,1,0.979570976100318,0.16110839949178973,0.17567378168661715,0.07273727564944447
up,False,1,2,1.4111460142018077,1.4111460142018077,0.7086438893891743,1.6778698393236806,0.595993787219563,1.4494644275430253,0.6899099977880047,5.518578546641024,0.45988154555341865,0.8205966647705581,1,0.9679848279230195,0.4184891878572073,0.5421257136575092,0.37694101575779315
down,True,4,0,0.6165530007918711,0.6888127563864838,1.4517733458451125,0.6165530007918711,1.6219205789537119,0.6813094872206812,1.4677617422874556,25.62571939720893,2.1354766164340773,0.4752932370553721,4,1.0726489126820393,0.22911211778236712,0.2602123346472978,-0.5537421981130207
up,False,2,3,1.6522562622386738,1.8167762582816238,0.5504255108143246,1.8001412625152449,0.5555119594352009,1.6522562622386738,0.6052329913067364,7.932344125776751,0.6610286771480626,0.857680430001998,1,0.944192084280884,0.48090350776464286,0.6556654935685157,0.5595674399136493
up,True,2,1,1.0331374884804725,1.0943307071188695,0.9138005481293481,1.0331374884804725,0.9679253837461549,1.0510010722609358,0.9514738151967618,7.172004682703559,0.5976670568919632,0.7120088293080221,4,1.0629416901999345,0.3108285806613822,0.3722652445170001,-0.028439966273630383
up,False,0,1,1.636219373756361,1.7022782436440143,0.5874480295649734,1.7643544822854742,0.5667795276064026,1.636219373756361,0.6111649917114987,2.3333062865703917,0.19444219054753265,0.6796068931877854,3,1.0420264090932203,0.5846480587578097,0.8786290669576708,0.45122103309998757
up,True,3,0,1.288762595161748,1.448666477476995,0.6902900119160658,1.288762595161748,0.7759381004338456,1.4148823490908835,0.7067725458887367,17.148469712775128,1.4290391427312608,0.5305020217232839,2,1.0141897920833953,0.5883632689877204,0.8876140394210593,0.23959247012823584
down,False,1,0,0.8700730617971298,0.8913938472681093,1.1218385712047938,0.9527402939098,1.0496039753879396,0.8700730617971298,1.1493287677870487,5.012195417933977,0.41768295149449813,0.4807752720691093,4,1.0951461474499689,0.4474311489703275,0.5931772361060373,-0.23006591413563565
up,True,0,1,1.9086140757415777,1.9086140757415777,0.5239403883215403,1.944915018533291,0.514161282354704,1.9236857644982048,0.5198354213848699,1.8961001466435874,0.15800834555363227,0.7513259503336872,1,0.9781177140679806,0.6063499898261177,0.932293063506666,0.6685026180352668
up,False,4,1,1.2284561678158354,1.2284561678158354,0.8140298581250768,1.4268728123266083,0.7008333127950174,1.3438340670427467,0.7441394920137789,30.56269992317754,2.546891660264795,0.7744977851484576,0,0.9273118242625189,0.3695356778374149,0.4612987117562213,0.2812236228856149
up,True,1,2,1.2394408372962689,1.3753066257234663,0.7271105812305383,1.3790483677665923,0.7251377278517999,1.2394408372962689,0.8068154363716239,5.641246186163654,0.47010384884697115,0.797405921519029,2,1.0081984201255894,0.35664059346430776,0.44105175827874243,0.20649534460932367
down,True,1,0,0.5190231090869158,0.5190231090869158,1.9266964851704504,0.6096540600758783,1.640274485952802,0.5531548579328167,1.8078120180252575,3.9542794876086598,0.329523290634055,0.47076074026193854,0,0.9104713179980832,0.0929869363810837,0.097598425862768,-0.5620139889428503
up,False,0,0,1.9458050374946356,1.9535689513300374,0.5118836472698727,1.9458050374946356,0.5139261029396718,1.9805448198863949,0.504911572795086,1.5089291315724465,0.12574409429770386,0.4813720578208157,2,0.9804113830613107,0.7526103342600978,1.3967905913598144,0.6854588092284587
up,True,1,1,1.8480141928739278,1.8846969205912927,0.5305892894897215,1.8732201061673686,0.533840095303062,1.8480141928739278,0.541121385244805,4.879472416733049,0.40662270139442075,0.6873881309943324,4,1.0847228186442237,0.6280395823555094,0.9889678345517938,0.532787165648686
up,True,4,1,1.7119357305622596,1.7119357305622596,0.5841340782527887,1.799968792995392,0.5555651875140927,1.74105679025551,0.5743638034077247,29.97811908178524,2.4981765901487702,0.7254514341454151,0,0.9313404520180043,0.5762390951983043,0.8585858865732923,0.6087551207768451
down,True,0,3,0.7209866609035588,0.7427472854614483,1.3463529515004928,0.7710810459372373,1.2968805357995996,0.7209866609035588,1.3869882124404003,1.9703227227104823,0.16419356022587353,0.7097888310297437,1,0.9408931960806679,0.01553125803989455,0.015653131574494664,-0.2662089964115276
up,True,4,1,1.2754059743182358,1.3075527123709043,0.7647875229341706,1.371456019670873,0.7291520731667237,1.2754059743182358,0.7840640706850592,35.5619314158974,2.9634942846581165,0.7350282025627932,2,0.9823862049411912,0.4236907954302941,0.5511109488299906,0.2610353030476887
down,True,0,4,0.7011593648386096,0.7736087020030084,1.2926431636702442,0.771859291035259,1.2955729258097632,0.7011593648386096,1.4262092901378796,1.4356861622661647,0.1196405135221804,0.6940151171926268,2,0.9883198373305168,0.010189192363746448,0.010241457513806188,-0.343271166873978
up,False,0,3,1.1885339273241085,1.1885339273241085,0.8413727004423189,1.3198340827724697,0.7576709929322177,1.277348213139957,0.782871882320809,2.85389893360418,0.23782491113368165,0.8611691679228899,4,1.0711605941721472,0.2754357716470533,0.32218486917981276,0.10397782565214035
down,False,3,4,0.8352725635904948,0.8792006712165324,1.1373967658786246,0.9665730844819379,1.0345829157202098,0.8352725635904948,1.197213991683636,15.929589953095695,1.3274658294246413,0.8235928002719723,3,1.0367537567006888,0.013983176064488428,0.014081861710149352,-0.21609162760769696
up,False,2,2,1.355916996360782,1.4978803567984424,0.6676100634214819,1.355916996360782,0.7375082712909075,1.5984295484974778,0.6256140603381607,8.868885389136732,0.739073782428061,0.8084545998142019,2,0.9855187395837149,0.4037580456738456,0.5171087306632413,0.31906511278585226
down,False,0,1,0.7057540630960474,0.7496377239895794,1.3339776908210943,0.7556384548025603,1.3233842105895584,0.7057540630960474,1.4169241840608549,1.586137727833131,0.13217814398609426,0.5931927071017162,2,0.9848441234410151,0.15949090749905107,0.17374750822535476,-0.33321655408627404
down,False,2,2,0.7748400067640955,0.7748400067640955,1.29058901356452,0.8453864447966263,1.1828909798057727,0.80823405779988,1.2372653569216474,11.023910006850393,0.9186591672375327,0.7046108848497414,4,1.088560095763368,0.0906369331749486,0.09501085110007502,-0.33995452369907736
up,True,0,2,1.0035361324700443,1.0035361324700443,0.9964763277019826,1.160577451779849,0.8616400382985304,1.145092941225772,0.8732915591371506,1.7761936421305649,0.14801613684421375,0.8035463765809554,3,1.0264358215830602,0.1992850575263752,0.22225027231468905,-0.022562538874096812
up,True,3,3,1.5387800769819089,1.785937385439397,0.5599300446661339,1.5387800769819089,0.6498654453346921,1.6789864487589619,0.5955974217297341,12.859137060870442,1.0715947550725369,0.8686047843324354,1,0.9486354308787459,0.4355237650099577,0.5718569954990916,0.483720660229988
down,True,0,0,0.5399734089106835,0.665005288034449,1.5037474407995945,0.5399734089106835,1.8519430466351152,0.5842974803160355,1.7114569781459932,1.5718952735232838,0.13099127279360698,0.45279103884743604,1,0.9735871130496795,0.16145678402780048,0.1760891594260048,-0.5894674096068094
up,False,3,1,1.3578389369907713,1.3578389369907713,0.7364643719940671,1.647821221765634,0.6068619500654955,1.4502278771730854,0.6895468055332724,21.00496185435341,1.7504134878627842,0.7660178615612331,4,1.0654206015684602,0.4358551366490683,0.5724442105513703,0.24252476675617624
up,False,0,0,1.6077516272694685,1.7762130756540633,0.5629955176586938,1.6077516272694685,0.6219866197233176,1.7546115406608538,0.5699267198615152,1.2049522455856412,0.10041268713213676,0.6187072626114576,2,1.0073957893608791,0.6151723611300325,0.9549597361848368,0.467468123561778
down,True,1,4,0.6518628644311089,0.6518628644311089,1.534064992140204,0.6664359433821736,1.500519307114474,0.6874936799235145,1.4545588260698668,4.763626001294888,0.3969688334412407,0.6497995722935516,0,0.9076799485172362,0.003165224236784774,0.003170244154595087,-0.3310576276822564
up,True,0,0,1.5953289876187318,1.6770372680683774,0.5962896705043452,1.5953289876187318,0.6268299565550114,1.6923590806901945,0.590891147989805,2.9686070656546986,0.24738392213789154,0.5122529404708898,1,0.941791230058058,0.6789045115794553,1.136016728372967,0.5270516299079094
up,True,2,4,1.0847253536179657,1.1185419558522758,0.8940210018658151,1.0988467404049895,0.9100450164974246,1.0847253536179657,0.9218923450665416,7.35349105983969,0.6127909216533075,0.8989317206651689,1,0.9709642924656687,0.17128172798128613,0.1878750223552363,0.11079240999025243
up,True,0,4,1.0182517835930758,1.1727727784570083,0.8526800914629672,1.0182517835930758,0.9820753728231428,1.0637663808497793,0.9400560292205887,1.780766270559454,0.14839718921328784,0.8889869522875433,3,1.056957234965086,0.12694780739730144,0.13575993958860075,-0.03730702802004304
up,True,0,4,1.3217532847811893,1.4631358815979083,0.6834635200852897,1.3217532847811893,0.7565708453416446,1.3378981316159084,0.7474410617437695,2.0917190655857976,0.1743099221321498,0.8992034646670465,3,1.0503685526022168,0.3196888746027169,0.38520504810133566,0.22981799624541685
up,True,4,0,1.379252882193846,1.379252882193846,0.7250302050552148,1.5582498812502248,0.6417455967958577,1.4440390939498802,0.6925020272579324,33.632749207451745,2.802729100620979,0.49299933904519916,3,1.0468737591889155,0.6425605881199739,1.0287894084696365,0.27573361207196917
up,True,1,4,1.0211079798073557,1.1544720026251025,0.8661968395302307,1.0211079798073557,0.9793283568194835,1.2062958821391252,0.8289840119711753,3.281575942541229,0.27346466187843577,0.8979643127911445,1,0.9620605580090562,0.1205980850717117,0.12851324469823897,0.05956617264585857
down,False,3,3,0.5230543064433866,0.5230543064433866,1.911847369730501,0.5399242871130684,1.8521115346503847,0.555407607001417,1.8004794810047473,18.567160404733556,1.5472633670611298,0.517102990283197,3,1.0443723531495246,0.011378008147293155,0.011443232905858065,-0.6914860698732718
down,True,3,3,0.5451711306399786,0.6376324613795963,1.5683015852680664,0.5482458119493056,1.823999341544385,0.5451711306399786,1.8342864172321378,21.39649968840237,1.7830416407001974,0.5396031699343815,2,1.010794614594454,0.010213234693958963,0.01026574763270937,-0.6173923010857725
down,True,2,1,0.9750712558961172,0.9750712558961172,1.0255660742260038,1.0238980574110355,0.9766597297083827,0.9784015931277118,1.0220751959358971,6.618121160701342,0.5515100967251119,0.7248914882007003,3,1.030981486024428,0.25657588220616234,0.2964885790923176,-0.0557559752586382
up,False,2,0,1.738487207741375,1.7925889507280885,0.5578523730126943,1.8724006373690365,0.5340737340300891,1.738487207741375,0.5752127456256579,11.189964188411095,0.9324970157009246,0.6481230102007638,3,1.023125264658701,0.6271913837992523,0.9866900843113129,0.5301533864026157
up,True,1,3,1.4630526690736025,1.4630526690736025,0.6835023927287559,1.7055796846129196,0.5863109235068952,1.5019547869532655,0.6657990031967026,5.640397806301838,0.47003315052515315,0.8822391802614905,2,1.0018949546054934,0.39698740933221505,0.5058172024268589,0.3786319606798487
down,False,2,4,0.501437863738635,0.5452699983583316,1.8339538265643518,0.501437863738635,1.9942650372354631,0.5132151262805625,1.9485006360730757,7.999513994686173,0.6666261662238477,0.500123859660243,0,0.937366849361907,0.0026204723923219622,0.0026239118400672116,-0.6255950215050475
up,False,4,1,1.97741112099642,1.97741112099642,0.5057117305459973,1.9809648846487877,0.5048045060007682,1.9790876507017732,0.5052833307536458,24.356946286250302,2.0297455238541917,0.7049656613702803,1,0.9535441099196171,0.643490595412932,1.03139465914736,0.7293580684678745
down,True,3,0,0.8862627118413371,0.8862627118413371,1.1283336042902645,0.9670345248404215,1.0340892432615252,0.897776900815764,1.1138624741752112,12.50199765431391,1.0418331378594925,0.508001656468098,0,0.9024052354036054,0.4268046599719262,0.5565287128098169,-0.018050261224076346
down,True,2,0,0.592956863055478,0.7011977640482763,1.4261311876219156,0.592956863055478,1.686463320193392,0.6014784576832782,1.6625699345105591,9.543382205421183,0.7952818504517652,0.46596295653837494,4,1.0833252744793405,0.21417056522916292,0.24101551421007872,-0.6026688949167421
up,False,0,4,1.2070129012391866,1.2070129012391866,0.8284915587673871,1.257119050670357,0.7954696092360954,1.3431405830024978,0.7445237026228254,2.427793121084547,0.20231609342371226,0.8935961201698712,0,0.914236494425728,0.259663157491974,0.30065000377422185,0.2778146251009423
down,True,4,2,0.6082966856548907,0.6272048619365723,1.5943753958034967,0.6643130265416357,1.505314452745155,0.6082966856548907,1.6439346515975217,28.795233973536774,2.3996028311280644,0.5824282947909335,4,1.098150047867327,0.042525944122328,0.043456653983546235,-0.5907195355750906
up,True,2,0,1.2469098529907277,1.2469098529907277,0.8019825952946706,1.3977477592728011,0.715436668287177,1.4054370962730007,0.7115224172265294,9.41260473345745,0.7843837277881208,0.6392883192477131,0,0.9025278052541862,0.4873018945881511,0.6680680955146036,0.32322415308247937
down,True,3,4,0.5691986338650757,0.6704764134825665,1.4914767766487609,0.6689632178644948,1.494850498944114,0.5691986338650757,1.756855938338465,13.694461668524763,1.1412051390437303,0.5676451267669481,2,1.005635204558869,0.0027292881705964773,0.0027330194682930174,-0.569145199058137
down,False,2,0,0.9486877310298046,1.0583507951215327,0.9448663001053141,1.0324904725923756,0.9685319395627947,0.9486877310298046,1.0540876278799303,7.855953700143172,0.6546628083452644,0.6400015677608398,0,0.9197621618910994,0.3253822655995399,0.3936090679357369,0.030964576975241655
down,True,1,1,0.85382347515798,0.85382347515798,1.171202279036628,0.9130856401185627,1.0951875224652001,0.96782185573359,1.0332480033136053,3.3473552992518316,0.2789462749376526,0.7353655038193734,2,0.9875602415991103,0.1387382460018316,0.14935680914429805,-0.1455130302052373
down,False,3,0,0.6569763991334205,0.6817496003365472,1.4668142078944348,0.7299577892859033,1.3699422277256212,0.6569763991334205,1.5221246932447527,15.254206183993881,1.2711838486661569,0.49612557778296484,2,0.9846874267587074,0.2448350071062289,0.28081901997397474,-0.4046761619033109
down,False,1,2,0.7908262825429598,0.9460055556494904,1.057076244455498,0.8949937339412588,1.1173262583597408,0.7908262825429598,1.2645002095585731,3.903037140899249,0.32525309507493744,0.7369442436003065,0,0.919938356544905,0.0681338495344283,0.07056608999051003,-0.1512283379128828
up,True,3,1,1.1180886379462758,1.1180886379462758,0.894383473779697,1.293990278426334,0.772803332971044,1.2174536995965302,0.8213864727105472,22.105555975298792,1.8421296646082326,0.7246493066422128,4,1.0644881980894425,0.35188563585328886,0.4336881103212891,0.04912653571103433
down,False,4,1,0.5036326796609686,0.5036326796609686,1.9855740907702257,0.534941416697369,1.8693635766208159,0.5622589542434371,1.7785399280044858,28.788287167630664,2.3990239306358885,0.48158561996161003,1,0.9558184880262436,0.04377607051671074,0.04476315749849081,-0.6407208367796032
up,True,4,2,1.7471959755805537,1.7471959755805537,0.5723456406587261,1.8980015916562472,0.5268699480527691,1.779954295028154,0.5618121784324708,32.51206319296533,2.7093385994137775,0.8234770069274819,0,0.9301881642353075,0.5286865249023601,0.7522318541230906,0.6303805893776459
up,True,1,3,1.8800135003588887,1.90883394799163,0.5238800373663434,1.8917746907512873,0.5286041751636218,1.8800135003588887,0.5319110739412792,4.798113584465873,0.3998427987054894,0.8769630180920227,3,1.031994593176768,0.5335336592398867,0.7625694140093106,0.5997855299821883
up,False,4,4,1.5679182777391047,1.6390417376724817,0.6101125901894653,1.6209025796294925,0.6169402236552557,1.5679182777391047,0.6377883427967768,30.61983240721151,2.5516527006009593,0.8951055362003666,4,1.0717063793738166,0.42911212343854793,0.5605624518978481,0.38049667648780733
down,False,3,1,0.5884083502154078,0.6711086929604259,1.4900715941984801,0.6320447211309778,1.5821665248791332,0.5884083502154078,1.6995000149707502,12.225665836724264,1.0188054863936886,0.5303124308799239,4,1.0691312594770817,0.0987340157803945,0.10395485492903964,-0.5971805106309748
up,True,4,0,1.0757860147941514,1.1405879468149813,0.8767408096784083,1.0757860147941514,0.9295528908612436,1.1890499999097237,0.8410075270812186,26.220412322475678,2.1850343602063065,0.5925046517356269,3,1.0567648045870623,0.4492355881304136,0.5964481259260543,0.017839401040985813
up,False,1,0,1.4660328295918852,1.4660328295918852,0.682112964877042,1.8172414581523544,0.5502846061066266,1.6330652167595625,0.6123454162989688,3.5726574370205535,0.2977214530850461,0.46702512158124854,2,0.9999584022496621,0.6814361096461535,1.14393222642965,0.38260159582100245
down,False,3,1,0.9011995235714768,0.9642007325610377,1.0371284383324155,0.9386515338952005,1.0653580843257313,0.9011995235714768,1.1096321889263483,17.356881402261603,1.4464067835218002,0.6917292173650427,1,0.949503495213001,0.23243499439091794,0.2645321052454501,-0.052212531456767124
down,True,2,0,0.8806772635564313,0.9781292328393035,1.0223597929868737,1.0968717000415449,0.9116836544895125,0.8806772635564313,1.1354897433842095,8.417284046110769,0.7014403371758974,0.6312565387158209,1,0.9618105696820116,0.28321467484396823,0.33297889024857497,-0.08812628911713838
down,False,4,4,0.679686037246505,0.7462187951200392,1.340089537464862,0.7791903544018197,1.283383443276444,0.679686037246505,1.4712675341266797,35.02335911542818,2.918613259619015,0.6752484774926073,4,1.071657779027003,0.006528837596656867,0.006550243678930739,-0.4553310730641288
down,True,1,2,0.634256592706976,0.634256592706976,1.57664896431277,0.6656020868722041,1.5023991356445376,0.779895077578758,1.282223761566202,4.678760802422437,0.3898967335352031,0.5958987637902273,0,0.9384923426946312,0.06047683123487819,0.06238279969280315,-0.3918211039858742
up,True,2,2,1.0479445679615107,1.0479445679615107,0.9542489465308516,1.1580470525652242,0.8635227711904024,1.1138155575148687,0.8978147173946712,10.282737387018406,0.8568947822515338,0.8265740168933824,2,1.0153526329314158,0.2112426151497155,0.2372965024443515,0.03159471756931551
down,False,2,1,0.5334658364969092,0.5354356731202641,1.8676379819306328,0.5859975993506084,1.7064916325735489,0.5334658364969092,1.874534284269568,11.81439984044935,0.9845333200374459,0.5070167538078778,3,1.0257704057690227,0.049579712288069996,0.05085098410334692,-0.6538041925010248
down,False,3,2,0.741319655944955,0.8746697924252702,1.1432885972055995,0.741319655944955,1.3489457509733869,0.800181030223566,1.2497172042688962,13.310026709029554,1.1091688924191294,0.6844119762626821,4,1.0877243720118395,0.07676537270515647,0.07987187603001217,-0.3834111439557031
down,False,0,0,0.9098708473288658,0.9492762521304903,1.0534341270580285,0.9731485757286162,1.0275923172895562,0.9098708473288658,1.099057083690206,1.132816556609151,0.09440137971742925,0.45482772221078527,2,0.9970478480305562,0.5001183700455551,0.6933839486784146,-0.09149609739062398
down,False,4,2,0.779636474510927,0.779636474510927,1.2826490713217453,0.8596765555843172,1.1632281856521094,0.9254656438508964,1.0805371400271149,35.56610225463791,2.9638418545531593,0.7372898158410326,2,1.0143848233282895,0.054315902416518985,0.05584670060011657,-0.2632098696156641
down,False,1,2,0.8178258521594824,0.9633778660972429,1.038014298637686,0.8178258521594824,1.2227542053842928,0.9202638607224243,1.086644866413619,4.817822741096489,0.4014852284247074,0.7786106205449731,4,1.095472762173725,0.047950589371760374,0.049138343617210034,-0.29229187608546914
up,False,2,4,1.614507454829892,1.614507454829892,0.6193839471031505,1.66104605289107,0.6020302677698119,1.6710280946000549,0.5984339839835792,11.9531779310236,0.9960981609186333,0.8891957201227856,4,1.0604691252594192,0.4492464451231208,0.5964678387097498,0.4203185474110479
up,False,3,0,1.719836360841981,1.863555338301466,0.5366086959947474,1.719836360841981,0.5814506674986389,1.751727390524672,0.5708650817525226,15.9095491743066,1.32579576452555,0.5172269244269109,1,0.9711489040365614,0.6992580595437046,1.2015027226367319,0.5715046184799053
up,True,2,3,1.8356754473293977,1.8356754473293977,0.5447586072226621,1.9025013620832292,0.525623802395077,1.8720488460233116,0.5341740960040887,7.045210086929399,0.5871008405774499,0.8617303933950222,2,1.010938024263094,0.530564951092691,0.7562253308893135,0.5965338682272213
down,False,1,3,0.8289876555185168,0.8289876555185168,1.2062905802554056,0.9346949535216852,1.0698677640574206,0.8870288561428471,1.1273590403229903,5.929131648894634,0.49409430407455285,0.7963218269249411,1,0.946195543803078,0.03940448132866805,0.04020185489728136,-0.13224398939963403
down,True,4,3,0.8481332205939718,0.8481332205939718,1.179060052971008,0.9223452787376966,1.0841926803903417,0.8582041557858452,1.165223907689324,26.396892181874286,2.1997410151561905,0.8069969079831532,4,1.0924955636278102,0.04850218292594376,0.049717886442935316,-0.2531821429988531
up,True,2,4,1.8987009349389394,1.9082146678804948,0.5240500541329173,1.8987009349389394,0.5266758874968159,1.9412290348019574,0.515137565981244,7.635883738984312,0.6363236449153593,0.8953985326820811,1,0.9484108670501076,0.5284151831363182,0.7516563057827328,0.6941374004353819
down,True,3,2,0.9654472501518747,0.9654472501518747,1.0357893710326378,1.0942054008304127,0.9139051948026226,0.9739136470309561,1.0267850779671996,14.9303933771417,1.2441994480951417,0.7922742204112568,2,0.9821456486464648,0.17937078355485087,0.19768389584822404,-0.017148150104494362
down,True,0,3,0.744546176524294,0.744546176524294,1.3431000407096587,0.8807698633195633,1.1353703636396757,0.8099488870591934,1.234645810343483,2.047588928133057,0.17063241067775473,0.7206888888493195,3,1.0556706502157205,0.03204272404748033,0.03256732909228654,-0.34915665761575476
up,False,2,1,1.1612496793733809,1.2261803641556597,0.8155407061085943,1.2329053313313891,0.8110922830710129,1.1612496793733809,0.8611412496058621,6.195216889886972,0.5162680741572477,0.7181008779754255,2,0.9928015055821457,0.3816137125971753,0.4806419562710388,0.1567212636330787
down,False,2,1,0.7691143107347277,0.7691143107347277,1.3001968446598131,0.8501396356919374,1.176277352585837,0.7783042058851303,1.2848446564190734,7.705064782120994,0.6420887318434162,0.6159336872420359,0,0.9226149725305993,0.1991649633282207,0.2221002998505845,-0.18197239261005627
up,True,3,2,1.2498485454933115,1.2498485454933115,0.8000969426301993,1.3164060742893824,0.7596440183093324,1.40919869274875,0.7096231391255575,13.97284888182021,1.1644040734850176,0.8535305962537516,1,0.959342296682518,0.31709277949604237,0.3813962697748158,0.26452971730406094
down,True,4,0,0.9724049994869685,1.05708172352329,0.9460006523118811,1.0152948747907922,0.9849355343254896,0.9724049994869685,1.028378094032415,31.096093454823116,2.5913411212352595,0.4751953370404003,1,0.9588648971589668,0.5113195250013022,0.7160464284431942,0.0140221977338918
down,False,1,4,0.5558497614105038,0.6135594646079622,1.6298338754157375,0.5558497614105038,1.7990472775637016,0.6311485181038266,1.584413131483414,4.486349635330574,0.37386246961088115,0.5527262848962925,2,1.0199299520001024,0.005619281919425997,0.005635129479894949,-0.6069911849644786
up,True,4,4,1.1936764786330727,1.2853399904666332,0.7780042692338215,1.1936764786330727,0.8377479307836747,1.2615178637877429,0.7926958695594463,34.37565108865888,2.864637590721573,0.8971420303855706,2,0.9952188785143818,0.24842112042542355,0.2855791124569003,0.18183060994535574
down,False,4,3,0.7558151516270235,0.7969665958708566,1.2547577341146725,0.7558151516270235,1.323074825699546,0.7965864630713637,1.2553565072451063,29.017964173643904,2.418163681136992,0.7289348645966076,4,1.081220635745358,0.03556463107752127,0.03621245881165658,-0.3580490623325475
up,False,0,2,1.4264946465812791,1.6531154212556671,0.6049184389317618,1.5559613557250271,0.6426894834634455,1.4264946465812791,0.7010191046959683,2.136566034785208,0.17804716956543398,0.8337849099312766,2,1.0159978839227413,0.4155008489309679,0.5369999504764885,0.339348872428747
up,False,4,0,1.960309142280007,1.960309142280007,0.5101236220512213,1.9714529543307369,0.5072401031956033,1.977961380501115,0.5055710439334518,33.56476440667663,2.797063700556386,0.522623390651164,2,0.9898920610158741,0.7333974629923378,1.3219963551250347,0.6832615575326275
down,True,4,1,0.763761131634563,0.763761131634563,1.3093098857490304,0.7811698408818587,1.2801313461757626,0.7845570034680852,1.2746046438685303,28.958301860110385,2.4131918216758654,0.6276497019571738,3,1.0421570461555625,0.17821204044003966,0.1962728739422272,-0.3107928416857833
down,True,1,4,0.9370061996955938,0.9543744624204621,1.047806746068858,0.9370061996955938,1.0672287977655548,1.0335826899201763,0.9675084632824396,4.91582483832756,0.40965206986063,0.8931365016402408,4,1.0713593958775582,0.046819005113952296,0.04795047217909742,-0.13399368578315482
up,True,4,3,1.4764615305838398,1.5171220102134197,0.6591427672052071,1.5725444202681282,0.6359120843336775,1.4764615305838398,0.6772949916308136,29.365763849867818,2.447146987488985,0.8643607653215111,2,0.9978521610842566,0.4145727826855635,0.5354134122717694,0.39179851622826245
down,False,4,3,0.9540469929327594,0.965652355655474,1.035569368358462,0.9540469929327594,1.0481663978898776,0.9998753214910227,1.0001246940556463,29.511829737214608,2.459319144767884,0.8767627262525294,0,0.9257371685550375,0.0810067714197774,0.0844765249014493,0.030122569970889343
down,True,1,2,0.631125546161133,0.6655300024052349,1.5025618625546344,0.7391697168716378,1.352869276398748,0.631125546161133,1.5844708015426925,3.059537640226167,0.2549614700188472,0.5862941245714688,0,0.9054967124526232,0.07103407850047368,0.0736832238341108,-0.36097884011789994
down,True,4,1,0.7351519677888566,0.8444943612810081,1.1841405293495464,0.7351519677888566,1.3602629712163274,0.7846960008068345,1.2743788664295308,25.53968920826318,2.1283074340219317,0.6487115951401383,3,1.0247979417647375,0.1175816381321921,0.12508900225231348,-0.33217350541665164
down,True,2,3,0.8322545373177974,0.8322545373177974,1.2015554799170158,0.8700787579062152,1.1493212435233235,0.9018840061791689,1.1087900363556722,7.106239161964874,0.5921865968304062,0.7925795600042191,1,0.9741518283135879,0.04767168640671326,0.048845436423963794,-0.15742884441070962
down,False,4,0,0.6013573778899318,0.6013573778899318,1.662904683249821,0.6512017622263443,1.5356223800457418,0.6754615672854775,1.4804691316765317,32.22211805208828,2.68517650434069,0.4692843268666678,1,0.9750445603331765,0.21962489507767827,0.24798057114908084,-0.483293776299716
up,False,3,4,1.3968989012400241,1.3968989012400241,0.7158714199805742,1.6169109565727908,0.6184632468071111,1.529222347025598,0.653927142736988,22.15149711103199,1.845958092585999,0.8962594071610992,0,0.9020307558771491,0.3583935055246363,0.4437801001690867,0.4373613712568534
up,False,0,2,1.5202016122499222,1.5971355577278197,0.6261209295362878,1.5202016122499222,0.6578074854952852,1.6631609926044775,0.6012647028439619,2.876253307684649,0.23968777564038743,0.8363642866986308,4,1.084103716790951,0.4498333116087158,0.597533976869661,0.33808938756353923
up,False,4,4,1.0130333367910533,1.1932558974045835,0.838043207810723,1.08288417813481,0.9234597939388384,1.0130333367910533,0.9871343456155761,28.301039649892452,2.358419970824371,0.8965068387542958,4,1.0794464790918186,0.11502730838638936,0.1221984913840658,-0.06349925669431719
up,True,4,2,1.1264606648057325,1.2335302738458536,0.8106813599979498,1.1264606648057325,0.8877362798748577,1.275804318228257,0.783819262650503,29.14461909247463,2.4287182577062194,0.8389113112333451,2,0.9930553368501877,0.25526799342077133,0.2947308480307575,0.1260494517716923
down,False,4,0,0.5499438315000917,0.5806805988830444,1.7221171189868034,0.5499438315000917,1.818367518137774,0.556067777912214,1.798341928306929,26.27382326543599,2.189485272119666,0.4634995967541977,0,0.9056216251446475,0.15718738859221043,0.17101063346236198,-0.4988054380534874
up,False,4,3,1.2166024627610346,1.3267675754910573,0.7537115154701338,1.3033241394642385,0.7672688395160647,1.2166024627610346,0.8219611833848641,27.435272531507263,2.2862727109589387,0.8839175400349968,3,1.055589909225025,0.2734540927781961,0.3194536083992788,0.1419623408782087
down,True,0,4,0.9924102958349666,0.9924102958349666,1.007647748312252,1.0047543412021462,0.9952681556006437,1.0855656266186784,0.9211787620015214,2.1438823158945164,0.17865685965787637,0.8913307608686017,2,1.0179373807999015,0.10185256580930714,0.10742104354285552,-0.025397056787765365
up,True,1,2,1.3375199241416407,1.394762206194674,0.7169680935994798,1.3375199241416407,0.7476524139569393,1.400368695018491,0.7140976541087243,3.081066793607582,0.25675556613396516,0.8493192767008657,0,0.9070735052990226,0.36500439255443606,0.4541371975219315,0.38834888615626906
up,True,1,0,1.5889634360949805,1.7035425381092324,0.5870120514336574,1.8630813792925613,0.5367452066853431,1.5889634360949805,0.6293411020568159,3.188640029754618,0.26572000247955146,0.5141852892592823,3,1.0258337716825487,0.6764020633961605,1.1282534701968707,0.4375761589324164
down,False,3,2,0.563696535724893,0.6588416795596512,1.517815328059342,0.563696535724893,1.7740041611468071,0.5919146247068059,1.6894328307825335,14.438418181912112,1.2032015151593427,0.5389787475001626,0,0.9280561521128639,0.043849459165017216,0.04483990883509503,-0.4985761902299722
up,False,1,3,1.7711685156759436,1.8062613552475444,0.5536297375209869,1.7711685156759436,0.564599015367187,1.8401665082378091,0.5434290840113299,3.9581743790573007,0.32984786492144175,0.8857107832082407,4,1.0854514138665357,0.4999285639005272,0.6930043185662603,0.4896435569975217
up,False,2,2,1.8179346946787682,1.871425219440081,0.534352102136998,1.8179346946787682,0.5500747650215794,1.859154031945337,0.5378790475760871,11.210753598030072,0.934229466502506,0.8488830002507818,4,1.0903468274528558,0.5330508831062379,0.7615349846504663,0.5112052376382965
down,False,1,4,0.5590179009800635,0.6861531990581419,1.4574004775794451,0.5590179009800635,1.7888514808681653,0.6080732403349696,1.6445387391971558,3.7843393473801994,0.3153616122816833,0.5552024869445824,1,0.9786490143572686,0.00682520904749561,0.006848607312910503,-0.5599915679402261
up,False,1,1,1.3728693778521004,1.3728693778521004,0.728401416866427,1.4911892078881754,0.6706057116763885,1.4176664329618691,0.7053845508006726,3.217554074731092,0.26812950622759096,0.6888169314330834,3,1.0407628176763395,0.4982647711825576,0.689682731066504,0.2769490631299572
up,True,3,0,1.3015961434860368,1.4266238736362409,0.7009556046830736,1.3015961434860368,0.7682874638224738,1.416167051159181,0.7061313841340016,18.25126669558309,1.5209388912985908,0.6318756249898385,4,1.0797334014490096,0.5145378786253164,0.7226540141200368,0.18687715386239834
down,False,2,3,0.6894028811197807,0.7631330013111374,1.31038757108119,0.6894028811197807,1.4505306365643902,0.7655296695415791,1.3062850987850392,9.257747864269854,0.7714789886891545,0.6722391452055942,2,1.0186524529921923,0.024896524781427894,0.025211685186208446,-0.3904100750624763
down,False,0,1,0.872557990758514,1.0141679883284198,0.9860299393281267,0.872557990758514,1.1460556325095375,1.066421206846597,0.9377157858263113,1.3862513783499728,0.11552094819583107,0.6740584044788579,3,1.0513843767509496,0.22749156890661282,0.25811235623304696,-0.18643391188214767
down,False,4,2,0.53617503929771,0.5537262883993702,1.8059464052007566,0.5770579294872259,1.7329282709772322,0.53617503929771,1.8650625760382555,34.328859882332345,2.8607383235276953,0.5177430452563156,0,0.9258183698075121,0.034376822288364806,0.03498160605727901,-0.5462173968772397
down,True,0,1,0.6605597626424977,0.75955240451667,1.3165648532655692,0.7085069828941489,1.4114186933135706,0.6605597626424977,1.5138675658953376,2.753556894790316,0.22946307456585968,0.5745826254152465,4,1.0665195337111042,0.13015799945686818,0.139443692397454,-0.479068252678252
down,True,3,1,0.8594240581426205,0.9080695750051946,1.1012372042024197,0.8594240581426205,1.163569940270454,0.8954381846727378,1.1167716734857327,18.96766175083724,1.5806384792364367,0.7218766245207057,0,0.9387847670134472,0.16004605912380562,0.1744082209383675,-0.08832377276202777
down,False,1,1,0.5174097624366772,0.5508306296019309,1.8154400758771725,0.5947808514666395,1.6812915169245133,0.5174097624366772,1.9327041594472893,4.680435531273924,0.390036294272827,0.49053468616950086,3,1.0354453501498533,0.05194157168703494,0.05333914538484119,-0.6937517653192309
up,False,1,4,1.9997162005785676,1.9998494575933554,0.5000376384347515,1.9997162005785676,0.5000709599245509,1.999799735720162,0.5000500710836843,3.0851997834052574,0.2570999819504381,0.8944063816080765,0,0.9320812838297662,0.552733342186605,0.8046003123156275,0.7633405244703937
up,True,1,1,1.4529817740598223,1.578846405079751,0.6333738334410609,1.5554796218482052,0.642888525155868,1.4529817740598223,0.6882398787466332,5.117610671152278,0.4264675559293565,0.7264200411744101,0,0.9295450742793501,0.5000487589429998,0.693244703201123,0.44667782080577945
down,False,2,3,0.628464013491539,0.7109954014901814,1.406478857534228,0.628464013491539,1.5911810040551557,0.7388208645771089,1.3535080666304498,7.792419316571609,0.6493682763809674,0.6154814103732431,1,0.9497247863731753,0.02065767146501968,0.020874025933098696,-0.41289347544831373
down,False,0,2,0.6849130564286985,0.7794896885162325,1.2828906074479465,0.7040059451026967,1.4204425501749496,0.6849130564286985,1.4600393299760421,2.6203140411831214,0.21835950343192678,0.6570064475129512,1,0.9635230708431174,0.040744746583251064,0.041598073282374026,-0.3413045271121706
up,False,4,2,1.758066805764736,1.758066805764736,0.5688065986576734,1.9221288154070595,0.5202564947699536,1.8942214934150796,0.5279213668920557,27.779822186468795,2.314985182205733,0.850267393886386,0,0.9035971420586979,0.5163622957339605,0.7264191974700066,0.6655864567770673
up,True,2,3,1.8627356199759124,1.9044839660174255,0.525076618046387,1.8695211681364647,0.5348963237451856,1.8627356199759124,0.5368448368496498,8.836751961027662,0.7363959967523052,0.883062741319161,3,1.0253723104521382,0.5259323267085105,0.74640519682067,0.5969903942919788
up,False,2,0,1.6953099412242476,1.6953099412242476,0.5898626414458834,1.7113382276130797,0.5843380249822201,1.7812354888791813,0.5614080823357257,6.29996759586636,0.52499729965553,0.4643640985493448,1,0.944856484359807,0.726088966237047,1.2949519196144648,0.5845878117196457
down,False,1,1,0.5805294542480622,0.6855471031423864,1.4586889732539683,0.640566315387501,1.5611186164153277,0.5805294542480622,1.7225654834262665,4.82878180268897,0.40239848355741414,0.5229532697244659,3,1.0417746887899197,0.0991787481277287,0.10444842965445342,-0.5847404300679563
up,True,3,2,1.0399369984727889,1.0535785040151013,0.9491461682153556,1.0399369984727889,0.9615967135206855,1.073136707692874,0.9318477253004328,13.018902612840668,1.0849085510700556,0.8433603345480436,1,0.9662520589849766,0.18902747398489536,0.2095211021173647,0.07349068110661171
down,True,4,3,0.6386005717140181,0.6386005717140181,1.565924060036429,0.6780087850672905,1.4749071428340752,0.6550534102047931,1.526593075345359,34.74958790128392,2.8957989917736597,0.61918445923797,0,0.9379644316768843,0.03040415767861708,0.030875951711158145,-0.38443285342443134
up,True,0,3,1.3468788620153616,1.4998036693993326,0.6667539361338524,1.4451695427723799,0.6919603343436252,1.3468788620153616,0.7424572678374952,1.109493420124142,0.09245778501034517,0.8627578724493579,0,0.9260777554312809,0.3594391472159596,0.44541115390847813,0.3745870404083779
down,False,1,3,0.750712706709192,0.750712706709192,1.3320675020722352,0.7807289304371697,1.2808542901568272,0.7954032359675881,1.2572239523058075,5.595699742400549,0.4663083118667124,0.7191672089974483,2,0.98017194729803,0.04202073233850777,0.04292914251738109,-0.26670498178392105
up,True,3,4,1.414562501140467,1.5250573661515356,0.6557130388632451,1.4821901127310158,0.6746772842502948,1.414562501140467,0.7069323548402895,22.628301732910913,1.8856918110759093,0.887304140575045,2,1.0058134111244592,0.37273599444374417,0.4663877654775,0.3410237183587213
down,False,2,2,0.9820416302911704,0.9820416302911704,1.0182867702904865,1.0203078040488311,0.9800963944720947,1.071626806469166,0.9331606805309727,7.884015546369994,0.6570012955308329,0.8456349298497439,0,0.9031153905885642,0.13890113843848215,0.14954595935554268,0.08378336976231894
up,False,3,4,1.5766027214140501,1.5766027214140501,0.6342751959118167,1.7270754079716462,0.5790135134715654,1.6215816731478692,0.6166818585577415,21.887389407477862,1.823949117289822,0.8887545569530215,3,1.0218045822257626,0.4362850292711024,0.5732065262751205,0.4337020934016471
up,True,4,3,1.3890681561120533,1.3890681561120533,0.7199070798649365,1.4693488235575602,0.6805735874064394,1.466123395151482,0.6820708293087967,32.85831989536436,2.7381933246136967,0.8581562789852042,0,0.9054579036351948,0.3822072191280019,0.4816021837844488,0.4279476234182796
up,True,0,3,1.676393255260632,1.676393255260632,0.5965187445499046,1.702139512977186,0.5874959087524592,1.8046070272479882,0.5541372636263044,2.7895542894535463,0.23246285745446219,0.8680891334291622,1,0.9480920649526673,0.48216855996942154,0.6581054950248357,0.5699482802269037
up,False,1,4,1.4377850580830487,1.4377850580830487,0.6955142525498679,1.566289615923073,0.6384515289087597,1.7524082939798056,0.5706432704269795,5.88442859871408,0.49036904989283997,0.8970716157282663,3,1.023249400580312,0.37607390570305255,0.4717233562538041,0.34012052471507165
up,False,1,0,1.2053518807307766,1.2691056271905121,0.7879564778337278,1.2809248189273708,0.7806859428622724,1.2053518807307766,0.8296332514897836,4.44589984791279,0.3704916539927325,0.5477008676553333,3,1.0228091808601452,0.5456091483233302,0.7887975445316696,0.16421860092052562
up,False,4,2,1.0608887231706812,1.18592725736462,0.8432220389488395,1.0608887231706812,0.9426059285570471,1.218612958583011,0.8206050928284797,25.645378308356126,2.137114859029677,0.8270599361881698,3,1.0481135802157615,0.22040840087701813,0.24898508728803587,0.012115016838564915
up,True,1,0,1.1528763401676654,1.2575979076741082,0.7951667173567994,1.2185031989823212,0.8206790108020953,1.1528763401676654,0.8673957172670989,4.252979799188921,0.35441498326574344,0.6709164641655629,3,1.040052767573905,0.41804993233880566,0.5413706293278223,0.10298853511213328
down,False,4,4,0.796674696734836,0.8308114930425455,1.2036424729006372,0.8331810325468525,1.2002193532217342,0.796674696734836,1.255217473453708,24.331269520549785,2.027605793379149,0.7877089941092499,0,0.9325105484716413,0.011253906597425534,0.011317710954779802,-0.15743402769779752
down,True,3,4,0.513899847163891,0.5714830309428002,1.7498332336312015,0.513899847163891,1.9459044510692056,0.5195114952563578,1.9248852222346702,12.976080497825922,1.0813400414854935,0.5116536992327274,4,1.0873181017592137,0.0043707892570111805,0.00438036908082747,-0.7494410896289536
down,True,0,1,0.8058112988818034,0.8856399904718344,1.1291269711829963,0.8919926857823547,1.121085425855161,0.8058112988818034,1.2409853291802506,1.6285637076910564,0.13571364230758803,0.6750930085492636,4,1.078013896940294,0.16221948055820645,0.1769991227784546,-0.2910260481940335
down,False,1,0,0.6220683004586448,0.6220683004586448,1.6075405212943819,0.6458010835950613,1.5484644194667119,0.6383010379250293,1.5666588969536557,4.508866146740326,0.37573884556169385,0.5136128287814716,1,0.9795027897280965,0.17434656547715102,0.19158016430119568,-0.45399519097291297
down,True,2,4,0.5833153221092807,0.6594597649129352,1.5163927402485644,0.6729247843050827,1.4860501846914167,0.5833153221092807,1.7143386468642354,6.88067266835042,0.5733893890292017,0.5811942165374565,3,1.0217903873493388,0.0036362932558573085,0.0036429206411340426,-0.5605837478980432
up,True,0,0,1.1666393412804241,1.2403020989513847,0.8062551864142224,1.2520197910513324,0.7987094190901655,1.1666393412804241,0.8571629334070527,1.741219601486231,0.1451016334571859,0.5690666756985678,2,1.0117339494853876,0.5122171389540157,0.7178849290246571,0.14246161725663112
